n,exec_time_ms,serial,implementation
5,0.0,true,python
5,140.61999320983887,false,python
8,140.6419277191162,true,python
8,187.4866485595703,false,python
9,1390.6521797180176,true,python
9,535.1681709289551,false,python
