matrix_order,serial_exec_time_ms,parallel_tasks_num,parallel_exec_time_ms,achieved_speedup,max_theoretical_speedup
10,309,2,169,1.828402,2.000000
10,309,3,178,1.735955,3.000000
10,309,4,115,2.686957,4.000000
10,309,5,97,3.185567,5.000000
10,309,6,105,2.942857,6.000000
10,309,7,114,2.710526,7.000000
10,309,8,116,2.663793,8.000000
10,309,9,124,2.491935,9.000000
10,309,10,109,2.834862,10.000000
