matrix_order,serial_exec_time_ms,parallel_tasks_num,parallel_exec_time_ms,achieved_speedup,max_theoretical_speedup
10,13566.27893447876,2,7036.9696617126465,1.9278580961193204,2.0
10,13566.27893447876,3,5579.466104507446,2.431465427044903,3.0
10,13566.27893447876,4,4593.737840652466,2.953211394525703,4.0
10,13566.27893447876,5,4022.8617191314697,3.3722956148260796,5.0
10,13566.27893447876,6,4133.926630020142,3.281693205670818,6.0
10,13566.27893447876,7,4182.45005607605,3.2436200678046023,7.0
10,13566.27893447876,8,4487.175703048706,3.023344712189779,8.0
10,13566.27893447876,9,4837.939262390137,2.804144119778898,9.0
10,13566.27893447876,10,3905.251979827881,3.473854953420106,10.0
