matrix_order,number_of_tasks,exec_time_ms
10,1,12888.572216033936
10,2,6627.667665481567
10,3,5314.769506454468
10,4,4886.432409286499
10,5,3845.7937240600586
10,6,3808.0360889434814
10,7,4051.8453121185303
10,8,4412.649631500244
10,9,4601.023435592651
10,10,3841.700553894043
