matrix_order,number_of_tasks,exec_time_ms
10,1,12982.09834098816
10,2,6534.614086151123
10,3,6355.138778686523
10,4,4188.973665237427
10,5,3874.7212886810303
10,6,3837.7249240875244
10,7,3935.774326324463
10,8,4278.008460998535
10,9,4630.281448364258
10,10,3823.4877586364746
