matrix_order,serial_exec_time_ms,parallel_tasks_num,parallel_exec_time_ms,achieved_speedup,max_theoretical_speedup
3,0.0,3,89.10512924194336,0.0,3
5,1.003265380859375,5,111.06371879577637,0.009033241383751757,5
8,159.12413597106934,8,212.13722229003906,0.7501000260742126,8
9,1354.557752609253,9,545.8743572235107,2.4814460226689548,9
10,13700.773239135742,10,3917.2604084014893,3.497539558450391,10
11,149574.8109817505,11,42604.65502738953,3.5107621663781194,11
