matrix_order,serial_exec_time_ms,parallel_tasks_num,parallel_exec_time_ms,achieved_speedup,max_theoretical_speedup
3,0.5002021789550781,3,127.58994102478027,0.003920388824836355,3
5,0.5002021789550781,5,169.1756248474121,0.0029567035996245633,5
8,182.13939666748047,8,303.2050132751465,0.6007136712551524,8
9,1486.0634803771973,9,780.5900573730469,1.9037694194803227,9
10,14312.690019607544,10,5405.36904335022,2.647865465765981,10
11,157224.01213645935,11,56633.65149497986,2.77615883818468,11
