matrix_order,number_of_tasks,exec_time_ms
3,3,87.16773986816406
5,5,109.37690734863281
8,8,203.1261920928955
9,9,545.8672046661377
10,10,3867.731809616089
11,11,43004.1606426239
