matrix_order,number_of_tasks,exec_time_ms
3,3,85.4177474975586
5,5,104.22229766845703
8,8,208.68253707885742
9,9,528.8805961608887
10,10,3888.6988162994385
11,11,41989.65120315552
